Workbook

Sheet Sustainability Impact Analysis
A1: Project | Sustainability Impact Analysis for Intel | F1: =ROWS(I2:I19721) -> 19720 | H1: 0 | I1: device_type | J1: model_year | K1: device_age | L1: power_consumption | M1: energy_savings_yr | N1: co2_saved_kg_yr | O1: region | P1: recycling_rate | S1: =_xlfn.CONCAT(Table2[n_devices]) -> 100319625683463035951706785355
H2: LP16AS29999 | I2: Laptop | J2: 2016 | K2: =2024 -impact_data[[#This Row],[model_year]] -> 8 | L2: 61 | M2: 87.3 | N2: 52.4 | O2: Asia | P2: 0.86 | R2: =AVERAGEIF($J$2:$J$19720, I8, $M$2:$M$19720) -> #DIV/0! | S2: =AVERAGE(Table2[avg_energy_saved]) -> 2.8801222
H3: LP16NA84519 | I3: Laptop | J3: 2016 | K3: =2024 -impact_data[[#This Row],[model_year]] -> 8 | L3: 62 | M3: 49.2 | N3: 19.7 | O3: North America | P3: 0.87
A4: Part 1: Organizing and Understanding the Data | H4: LP16NA75384 | I4: Laptop | J4: 2016 | K4: =2024 -impact_data[[#This Row],[model_year]] -> 8 | L4: 60 | M4: 48.5 | N4: 19.4 | O4: North America | P4: 0.86
H5: LP16AS35967 | I5: Laptop | J5: 2016 | K5: =2024 -impact_data[[#This Row],[model_year]] -> 8 | L5: 59 | M5: 36.2 | N5: 21.7 | O5: Asia | P5: 0.89
A6: 1 | B6: How many columns take on numeric values? | C6: 6 | H6: LP16AS94069 | I6: Laptop | J6: 2016 | K6: =2024 -impact_data[[#This Row],[model_year]] -> 8 | L6: 64 | M6: 53.4 | N6: 32 | O6: Asia | P6: 0.87
A7: 2 | B7: How many columns take on text values? | C7: 3 | H7: LP16NA85163 | I7: Laptop | J7: 2016 | K7: =2024 -impact_data[[#This Row],[model_year]] -> 8 | L7: 60 | M7: 58 | N7: 23.2 | O7: North America | P7: 0.87
A8: 3 | B8: Calculate the age of each device by subtracting the model_year from 2024, the year this data was collected. Enter your formula in the device_age column. For example, a 2019 device should be 5 years old. | H8: DT16NA26198 | I8: Desktop | J8: 2016 | K8: =2024 -impact_data[[#This Row],[model_year]] -> 8 | L8: 89 | M8: 27 | N8: 10.8 | O8: North America | P8: 0.97
H9: DT16NA51953 | I9: Desktop | J9: 2016 | K9: =2024 -impact_data[[#This Row],[model_year]] -> 8 | L9: 90 | M9: 95.2 | N9: 38.1 | O9: North America | P9: 0.95
A10: 4 | B10: Sort the data by model_year (oldest to newest). Do you notice more older (5+ years) or newer (under 5 years) devices being repurposed? What might that indicate? | H10: LP16NA89088 | I10: Laptop | J10: 2016 | K10: =2024 -impact_data[[#This Row],[model_year]] -> 8 | L10: 63 | M10: 58.7 | N10: 23.5 | O10: North America | P10: 0.88
H11: LP16NA24120 | I11: Laptop | J11: 2016 | K11: =2024 -impact_data[[#This Row],[model_year]] -> 8 | L11: 63 | M11: 32.5 | N11: 13 | O11: North America | P11: 0.87
A12: The data shows that there are a lot more newer devices being repurposed than older devices. It could indicate a few things, that there aren't as many older devices in the hands of people who know how to update them, or people just don't have the devices anymore. I know most people probably don't consider updating them, possibly thinking its just easier and better to buy new. | H12: LP16AS54821 | I12: Laptop | J12: 2016 | K12: =2024 -impact_data[[#This Row],[model_year]] -> 8 | L12: 63 | M12: 83 | N12: 49.8 | O12: Asia | P12: 0.86
H13: LP16AS39987 | I13: Laptop | J13: 2016 | K13: =2024 -impact_data[[#This Row],[model_year]] -> 8 | L13: 62 | M13: 41.2 | N13: 24.7 | O13: Asia | P13: 0.87
H14: LP16AS19099 | I14: Laptop | J14: 2016 | K14: =2024 -impact_data[[#This Row],[model_year]] -> 8 | L14: 66 | M14: 62.5 | N14: 37.5 | O14: Asia | P14: 0.89
A15: Part 2: Key Insights | H15: LP16NA32599 | I15: Laptop | J15: 2016 | K15: =2024 -impact_data[[#This Row],[model_year]] -> 8 | L15: 61 | M15: 27.3 | N15: 10.9 | O15: North America | P15: 0.89
H16: LP16NA66751 | I16: Laptop | J16: 2016 | K16: =2024 -impact_data[[#This Row],[model_year]] -> 8 | L16: 61 | M16: 41.5 | N16: 16.6 | O16: North America | P16: 0.89
A17: 1 | B17: What is the total number of devices Intel repurposed? Note: All devices in the table impact_data were repurposed. | C17: =COUNT(J2:J19720) -> 19719 | H17: DT16AS22428 | I17: Desktop | J17: 2016 | K17: =2024 -impact_data[[#This Row],[model_year]] -> 8 | L17: 86 | M17: 42.1 | N17: 25.3 | O17: Asia | P17: 0.97
H18: LP16NA62514 | I18: Laptop | J18: 2016 | K18: =2024 -impact_data[[#This Row],[model_year]] -> 8 | L18: 61 | M18: 71.5 | N18: 28.6 | O18: North America | P18: 0.88
A19: 2 | B19: Using the AVERAGE() function, what is the average age of repurposed devices? | C19: 3.9069933 | H19: LP16AS65653 | I19: Laptop | J19: 2016 | K19: =2024 -impact_data[[#This Row],[model_year]] -> 8 | L19: 61 | M19: 22.9 | N19: 13.8 | O19: Asia | P19: 0.87
H20: LP16NA20113 | I20: Laptop | J20: 2016 | K20: =2024 -impact_data[[#This Row],[model_year]] -> 8 | L20: 64 | M20: 65.1 | N20: 26 | O20: North America | P20: 0.86
A21: 3 | B21: What is the average estimated energy savings (kWh) from repurposed devices per year compared to new devices? | C21: =AVERAGE(impact_data[energy_savings_yr]) -> 28.431376 | H21: DT16NA97962 | I21: Desktop | J21: 2016 | K21: =2024 -impact_data[[#This Row],[model_year]] -> 8 | L21: 89 | M21: 33.7 | N21: 13.5 | O21: North America | P21: 0.95
H22: LP16AS64758 | I22: Laptop | J22: 2016 | K22: =2024 -impact_data[[#This Row],[model_year]] -> 8 | L22: 65 | M22: 45.2 | N22: 27.1 | O22: Asia | P22: 0.88
A23: 4 | B23: What is the total CO₂ emissions saved (in tons) from repurposed devices? | C23: 276.18 | D23: Hint! | H23: LP16NA59054 | I23: Laptop | J23: 2016 | K23: =2024 -impact_data[[#This Row],[model_year]] -> 8 | L23: 59 | M23: 66.5 | N23: 26.6 | O23: North America | P23: 0.86
A24: 5 | B24: Now that you have calculated the average estimated energy savings (kWh) and CO₂ emissions saved (tons), use ChatGPT to help put these numbers into perspective. Summarize how much energy and CO₂ emissions were saved and how it compares to something familiar, like powering households or reducing car emissions. | H24: DT16AS11375 | I24: Desktop | J24: 2016 | K24: =2024 -impact_data[[#This Row],[model_year]] -> 8 | L24: 89 | M24: 62.1 | N24: 37.3 | O24: Asia | P24: 0.94
H25: LP16NA85983 | I25: Laptop | J25: 2016 | K25: =2024 -impact_data[[#This Row],[model_year]] -> 8 | L25: 59 | M25: 57.9 | N25: 23.2 | O25: North America | P25: 0.88
H26: DT16AS32930 | I26: Desktop | J26: 2016 | K26: =2024 -impact_data[[#This Row],[model_year]] -> 8 | L26: 88 | M26: 29.2 | N26: 17.5 | O26: Asia | P26: 0.93
H27: LP16EU91551 | I27: Laptop | J27: 2016 | K27: =2024 -impact_data[[#This Row],[model_year]] -> 8 | L27: 60 | M27: 68.5 | N27: 17.1 | O27: Europe | P27: 0.87
A28: Try This Prompt: I found that each repurposed device saves approximately of XXX kWh of energy per year and Intel's repurposing program saved XXX tons of CO₂ emissions in one year. Help me understand the significance of these numbers. How would this compare to the energy consumption of a small city or the amount of CO₂ produced by cars? What is the environmental impact of these savings? | H28: LP16AS84096 | I28: Laptop | J28: 2016 | K28: =2024 -impact_data[[#This Row],[model_year]] -> 8 | L28: 65 | M28: 37.7 | N28: 22.6 | O28: Asia | P28: 0.86
H29: DT16AS97056 | I29: Desktop | J29: 2016 | K29: =2024 -impact_data[[#This Row],[model_year]] -> 8 | L29: 90 | M29: 36.6 | N29: 22 | O29: Asia | P29: 0.96
H30: LP16NA79909 | I30: Laptop | J30: 2016 | K30: =2024 -impact_data[[#This Row],[model_year]] -> 8 | L30: 61 | M30: 79.2 | N30: 31.7 | O30: North America | P30: 0.89
H31: LP16EU52699 | I31: Laptop | J31: 2016 | K31: =2024 -impact_data[[#This Row],[model_year]] -> 8 | L31: 64 | M31: 90.7 | N31: 22.7 | O31: Europe | P31: 0.86
A32: Intel's repurposing program saves 28.4 kWh per device yearly—matching one US household's daily electricity use—and totals ~284,000 kWh across ~10,000 devices, powering 27 average US homes or 36 Michigan homes annually. 276 metric tons CO₂ saved equals emissions from 60 cars driven one year (4.6 tons/car).Savings are tiny vs. a small city's billions of kWh yearly (e.g., 0.000024% of Nashville's) | H32: LP16AS31398 | I32: Laptop | J32: 2016 | K32: =2024 -impact_data[[#This Row],[model_year]] -> 8 | L32: 59 | M32: 23.9 | N32: 14.4 | O32: Asia | P32: 0.86
H33: LP16NA86382 | I33: Laptop | J33: 2016 | K33: =2024 -impact_data[[#This Row],[model_year]] -> 8 | L33: 63 | M33: 39.4 | N33: 15.8 | O33: North America | P33: 0.88
H34: LP16NA73118 | I34: Laptop | J34: 2016 | K34: =2024 -impact_data[[#This Row],[model_year]] -> 8 | L34: 65 | M34: 88.8 | N34: 35.5 | O34: North America | P34: 0.88
H35: LP16AS61074 | I35: Laptop | J35: 2016 | K35: =2024 -impact_data[[#This Row],[model_year]] -> 8 | L35: 60 | M35: 44.2 | N35: 26.5 | O35: Asia | P35: 0.86
A36: Part 3: Deeper Patterns and Trends | H36: LP16AS56283 | I36: Laptop | J36: 2016 | K36: =2024 -impact_data[[#This Row],[model_year]] -> 8 | L36: 61 | M36: 9.4 | N36: 5.6 | O36: Asia | P36: 0.86
H37: LP16AS61581 | I37: Laptop | J37: 2016 | K37: =2024 -impact_data[[#This Row],[model_year]] -> 8 | L37: 64 | M37: 59 | N37: 35.4 | O37: Asia | P37: 0.88
A38: 1 | B38: Using the COUNTIF() function, how many laptops were repurposed? | C38: =COUNTIF($I$2:$I$19720, I37) -> 16512 | H38: LP16NA82540 | I38: Laptop | J38: 2016 | K38: =2024 -impact_data[[#This Row],[model_year]] -> 8 | L38: 60 | M38: 17.1 | N38: 6.8 | O38: North America | P38: 0.88
A39: 2 | B39: Using the COUNTIF() function, how many desktops were repurposed? | C39: =COUNTIF($I$2:$I$19720, I8) -> 3207 | H39: LP16EU77944 | I39: Laptop | J39: 2016 | K39: =2024 -impact_data[[#This Row],[model_year]] -> 8 | L39: 60 | M39: 45.7 | N39: 11.4 | O39: Europe | P39: 0.89
A40: 3 | B40: Using the AVERAGEIF() function, what is the average energy savings for repurposing laptops? | C40: =AVERAGEIF(I2:I19720,"Laptop",M2:M19720) -> 28.365855 | H40: LP16EU15738 | I40: Laptop | J40: 2016 | K40: =2024 -impact_data[[#This Row],[model_year]] -> 8 | L40: 64 | M40: 62.3 | N40: 15.6 | O40: Europe | P40: 0.89
A41: 4 | B41: Using the AVERAGEIF() function, what is the average energy savings for repurposing desktops? | C41: =AVERAGEIF(I2:I19720,"*desktop*",M2:M19720) -> 28.768725 | H41: LP16NA64356 | I41: Laptop | J41: 2016 | K41: =2024 -impact_data[[#This Row],[model_year]] -> 8 | L41: 63 | M41: 47 | N41: 18.8 | O41: North America | P41: 0.88
A42: 5 | B42: Fill out the summary table to the right. In the column n_devices, use the COUNTIF() function to count the number of devices with each device_age. In the avg_energy_saved column, use the AVERAGEIF() function to calculate the average energy saved for each device_age. | D42: Summary table for Part 3 | H42: DT16AS79051 | I42: Desktop | J42: 2016 | K42: =2024 -impact_data[[#This Row],[model_year]] -> 8 | L42: 88 | M42: 56.2 | N42: 33.7 | O42: Asia | P42: 0.93
H43: DT16NA80155 | I43: Desktop | J43: 2016 | K43: =2024 -impact_data[[#This Row],[model_year]] -> 8 | L43: 90 | M43: 74.1 | N43: 29.6 | O43: North America | P43: 0.94
D44: 0 | E44: n_devices | F44: avg_energy_saved | H44: LP16NA28336 | I44: Laptop | J44: 2016 | K44: =2024 -impact_data[[#This Row],[model_year]] -> 8 | L44: 59 | M44: 28.8 | N44: 11.5 | O44: North America | P44: 0.87
A45: 6 | B45: Looking at the summary table, what do you notice about the relationship between device age and the number of devices repurposed versus the average energy saved? | D45: 1 | E45: =COUNTIF($K$2:$K$19720, D45) -> 1003 | F45: =AVERAGEIF($M$2:$M$19720,D45,$K2:$K$19720) -> 2.3 | H45: LP16AS95652 | I45: Laptop | J45: 2016 | K45: =2024 -impact_data[[#This Row],[model_year]] -> 8 | L45: 65 | M45: 52.7 | N45: 31.6 | O45: Asia | P45: 0.88
D46: 2 | E46: =COUNTIF($K$2:$K$19720, D46) -> 1962 | F46: =AVERAGEIF($M$2:$M$19720,D46,$K3:$K$19720) -> 2.6666667 | H46: DT16NA29490 | I46: Desktop | J46: 2016 | K46: =2024 -impact_data[[#This Row],[model_year]] -> 8 | L46: 88 | M46: 64.8 | N46: 25.9 | O46: North America | P46: 0.95
A47: Looking at this table, you can see most of the repurposed devices are newer ones—tons at age 3 (like 5,683 of them), but way fewer as they get older, down to just 355 at age 8. Energy savings per device don't change much by age though—they hover around 2.3-3.3 kWh/year, peaking a bit at 3.3 for age 3 stuff. Bottom line: The real impact comes from having so many younger/mid-age devices available, not from older ones saving more energy per unit. Intel should go after those high-volume mid-age ones (like 3-year-olds) to rack up the most total savings. | D47: 3 | E47: =COUNTIF($K$2:$K$19720, D47) -> 5683 | F47: =AVERAGEIF($M$2:$M$19720,D47,$K4:$K$19720) -> 3.25 | H47: LP16AS46208 | I47: Laptop | J47: 2016 | K47: =2024 -impact_data[[#This Row],[model_year]] -> 8 | L47: 64 | M47: 71.3 | N47: 42.8 | O47: Asia | P47: 0.88
D48: 4 | E48: =COUNTIF($K$2:$K$19720, D48) -> 4630 | F48: =AVERAGEIF($M$2:$M$19720,D48,$K5:$K$19720) -> 2.7142857 | H48: LP16AS69002 | I48: Laptop | J48: 2016 | K48: =2024 -impact_data[[#This Row],[model_year]] -> 8 | L48: 58 | M48: 51.7 | N48: 31 | O48: Asia | P48: 0.88
D49: 5 | E49: =COUNTIF($K$2:$K$19720, D49) -> 3595 | F49: =AVERAGEIF($M$2:$M$19720,D49,$K6:$K$19720) -> 3.2105263 | H49: LP16NA98156 | I49: Laptop | J49: 2016 | K49: =2024 -impact_data[[#This Row],[model_year]] -> 8 | L49: 61 | M49: 46.3 | N49: 18.5 | O49: North America | P49: 0.86
D50: 6 | E50: =COUNTIF($K$2:$K$19720, D50) -> 1706 | F50: =AVERAGEIF($M$2:$M$19720,D50,$K7:$K$19720) -> 2.8947368 | H50: LP16NA34093 | I50: Laptop | J50: 2016 | K50: =2024 -impact_data[[#This Row],[model_year]] -> 8 | L50: 64 | M50: 90 | N50: 36 | O50: North America | P50: 0.87
A51: Part 4: Data-Driven Recommendations | D51: 7 | E51: =COUNTIF($K$2:$K$19720, D51) -> 785 | F51: =AVERAGEIF($M$2:$M$19720,D51,$K8:$K$19720) -> 3.2380952 | H51: LP16AS23117 | I51: Laptop | J51: 2016 | K51: =2024 -impact_data[[#This Row],[model_year]] -> 8 | L51: 65 | M51: 83.4 | N51: 50.1 | O51: Asia | P51: 0.88
D52: 8 | E52: =COUNTIF($K$2:$K$19720, D52) -> 355 | F52: =AVERAGEIF($M$2:$M$19720,D52,$K9:$K$19720) -> 2.7666667 | H52: LP16AS51102 | I52: Laptop | J52: 2016 | K52: =2024 -impact_data[[#This Row],[model_year]] -> 8 | L52: 62 | M52: 37.1 | N52: 22.3 | O52: Asia | P52: 0.86
A53: 1 | B53: Based on your analysis of the repurposed devices (including energy savings, CO₂ emissions, and device age), write four key takeaways in succinct sentences that summarize the most important patterns and insights from the data. These should be specific, concise, and focused on the implications of repurposing newer versus older devices. | H53: DT16EU62983 | I53: Desktop | J53: 2016 | K53: =2024 -impact_data[[#This Row],[model_year]] -> 8 | L53: 87 | M53: 48.1 | N53: 12 | O53: Europe | P53: 0.96
H54: LP16NA75685 | I54: Laptop | J54: 2016 | K54: =2024 -impact_data[[#This Row],[model_year]] -> 8 | L54: 62 | M54: 49.5 | N54: 19.8 | O54: North America | P54: 0.86
H55: DT16AS66527 | I55: Desktop | J55: 2016 | K55: =2024 -impact_data[[#This Row],[model_year]] -> 8 | L55: 89 | M55: 12.5 | N55: 7.5 | O55: Asia | P55: 0.95
H56: LP16NA43881 | I56: Laptop | J56: 2016 | K56: =2024 -impact_data[[#This Row],[model_year]] -> 8 | L56: 60 | M56: 65.8 | N56: 26.3 | O56: North America | P56: 0.87
A57: Newer devices (ages 1-3 years) dominate repurposing volume at over 8,600 units, far outpacing older ones like age 8 with just 355. Average energy savings per device remain consistent at 2.3-3.3 kWh/year across ages, with no significant drop-off for older hardware. Mid-age devices (age 3) offer the best balance, combining peak volume (5,683 units) and highest per-device savings (3.3 kWh/year). Prioritizing newer/mid-age collection maximizes total CO₂ reductions since high quantities amplify flat per-device benefits. | H57: LP16AS73555 | I57: Laptop | J57: 2016 | K57: =2024 -impact_data[[#This Row],[model_year]] -> 8 | L57: 63 | M57: 53.8 | N57: 32.3 | O57: Asia | P57: 0.87
H58: LP16AS76075 | I58: Laptop | J58: 2016 | K58: =2024 -impact_data[[#This Row],[model_year]] -> 8 | L58: 60 | M58: 41.4 | N58: 24.9 | O58: Asia | P58: 0.86
H59: LP16AS59125 | I59: Laptop | J59: 2016 | K59: =2024 -impact_data[[#This Row],[model_year]] -> 8 | L59: 62 | M59: 56 | N59: 33.6 | O59: Asia | P59: 0.87
H60: LP16EU34321 | I60: Laptop | J60: 2016 | K60: =2024 -impact_data[[#This Row],[model_year]] -> 8 | L60: 61 | M60: 50.4 | N60: 12.6 | O60: Europe | P60: 0.87
H61: DT16EU98144 | I61: Desktop | J61: 2016 | K61: =2024 -impact_data[[#This Row],[model_year]] -> 8 | L61: 91 | M61: 64.8 | N61: 16.2 | O61: Europe | P61: 0.93
A62: 2 | B62: Based on your four key takeaways and ChatGPT as your teammate, write a recommendation for Intel on how to improve the repurposing program. Your recommendation should include a clear action or strategy for Intel based on the data and a data-driven justification for why this approach would maximize energy savings and CO₂ reductions. | H62: LP16AS26632 | I62: Laptop | J62: 2016 | K62: =2024 -impact_data[[#This Row],[model_year]] -> 8 | L62: 60 | M62: 45.9 | N62: 27.5 | O62: Asia | P62: 0.87
H63: DT16NA80259 | I63: Desktop | J63: 2016 | K63: =2024 -impact_data[[#This Row],[model_year]] -> 8 | L63: 88 | M63: 38 | N63: 15.2 | O63: North America | P63: 0.95
H64: LP16EU32623 | I64: Laptop | J64: 2016 | K64: =2024 -impact_data[[#This Row],[model_year]] -> 8 | L64: 60 | M64: 32.9 | N64: 8.2 | O64: Europe | P64: 0.88
H65: LP16NA15353 | I65: Laptop | J65: 2016 | K65: =2024 -impact_data[[#This Row],[model_year]] -> 8 | L65: 64 | M65: 70.7 | N65: 28.3 | O65: North America | P65: 0.86
A66: Intel should partner with corporate IT fleets for annual "mid-life refresh" buyback programs targeting 2-4-year-old devices, offering incentives like tax credits or refurb credits. This leverages the data's peak volume (5,683 at age 3) and top per-device savings (3.3 kWh/yr), potentially boosting total program energy savings by 50-100% over chasing sparse older units (e.g., 355 at age 8), while scaling CO₂ reductions proportionally. | H66: DT16AS65275 | I66: Desktop | J66: 2016 | K66: =2024 -impact_data[[#This Row],[model_year]] -> 8 | L66: 90 | M66: 60.3 | N66: 36.2 | O66: Asia | P66: 0.97
H67: DT16AS90994 | I67: Desktop | J67: 2016 | K67: =2024 -impact_data[[#This Row],[model_year]] -> 8 | L67: 91 | M67: 55.1 | N67: 33.1 | O67: Asia | P67: 0.95
H68: DT16NA37047 | I68: Desktop | J68: 2016 | K68: =2024 -impact_data[[#This Row],[model_year]] -> 8 | L68: 88 | M68: 9.1 | N68: 3.7 | O68: North America | P68: 0.96
H69: DT16AS69805 | I69: Desktop | J69: 2016 | K69: =2024 -impact_data[[#This Row],[model_year]] -> 8 | L69: 89 | M69: 60.7 | N69: 36.4 | O69: Asia | P69: 0.94
H70: LP16NA96521 | I70: Laptop | J70: 2016 | K70: =2024 -impact_data[[#This Row],[model_year]] -> 8 | L70: 63 | M70: 46.3 | N70: 18.5 | O70: North America | P70: 0.86
H71: DT16AS63968 | I71: Desktop | J71: 2016 | K71: =2024 -impact_data[[#This Row],[model_year]] -> 8 | L71: 94 | M71: 26 | N71: 15.6 | O71: Asia | P71: 0.95
H72: DT16NA68685 | I72: Desktop | J72: 2016 | K72: =2024 -impact_data[[#This Row],[model_year]] -> 8 | L72: 87 | M72: 23.8 | N72: 9.5 | O72: North America | P72: 0.93
A73: 3 | B73: Briefly reflect on how ChatGPT’s suggestions influenced your recommendation. Did it help you see something you hadn’t considered? What parts of your recommendation were improved based on its response? | H73: LP16NA94599 | I73: Laptop | J73: 2016 | K73: =2024 -impact_data[[#This Row],[model_year]] -> 8 | L73: 61 | M73: 56.7 | N73: 22.7 | O73: North America | P73: 0.86
H74: LP16AS43559 | I74: Laptop | J74: 2016 | K74: =2024 -impact_data[[#This Row],[model_year]] -> 8 | L74: 64 | M74: 65.1 | N74: 39 | O74: Asia | P74: 0.87
A75: I hadn't really thought about buyback programs or offering tax incentives. Both of which I believe are awesome ideas. I have a couple of older devices myself and if I had either of these as options I would definitely make use of them. | H75: LP16AS11560 | I75: Laptop | J75: 2016 | K75: =2024 -impact_data[[#This Row],[model_year]] -> 8 | L75: 66 | M75: 74.9 | N75: 44.9 | O75: Asia | P75: 0.87
H76: LP16NA79055 | I76: Laptop | J76: 2016 | K76: =2024 -impact_data[[#This Row],[model_year]] -> 8 | L76: 64 | M76: 53.7 | N76: 21.5 | O76: North America | P76: 0.86
H77: LP16AS71794 | I77: Laptop | J77: 2016 | K77: =2024 -impact_data[[#This Row],[model_year]] -> 8 | L77: 64 | M77: 16 | N77: 9.6 | O77: Asia | P77: 0.87
H78: LP16AS73097 | I78: Laptop | J78: 2016 | K78: =2024 -impact_data[[#This Row],[model_year]] -> 8 | L78: 65 | M78: 73.7 | N78: 44.2 | O78: Asia | P78: 0.87
H79: LP16EU21545 | I79: Laptop | J79: 2016 | K79: =2024 -impact_data[[#This Row],[model_year]] -> 8 | L79: 59 | M79: 83 | N79: 20.7 | O79: Europe | P79: 0.87
H80: LP16AS29406 | I80: Laptop | J80: 2016 | K80: =2024 -impact_data[[#This Row],[model_year]] -> 8 | L80: 64 | M80: 50.6 | N80: 30.4 | O80: Asia | P80: 0.88
H81: LP16NA66024 | I81: Laptop | J81: 2016 | K81: =2024 -impact_data[[#This Row],[model_year]] -> 8 | L81: 63 | M81: 55.3 | N81: 22.1 | O81: North America | P81: 0.88
H82: LP16EU54855 | I82: Laptop | J82: 2016 | K82: =2024 -impact_data[[#This Row],[model_year]] -> 8 | L82: 65 | M82: 34.4 | N82: 8.6 | O82: Europe | P82: 0.87
H83: DT16AS70815 | I83: Desktop | J83: 2016 | K83: =2024 -impact_data[[#This Row],[model_year]] -> 8 | L83: 92 | M83: 81.9 | N83: 49.1 | O83: Asia | P83: 0.96
H84: LP16AS22814 | I84: Laptop | J84: 2016 | K84: =2024 -impact_data[[#This Row],[model_year]] -> 8 | L84: 61 | M84: 29.7 | N84: 17.8 | O84: Asia | P84: 0.86
H85: LP16NA46780 | I85: Laptop | J85: 2016 | K85: =2024 -impact_data[[#This Row],[model_year]] -> 8 | L85: 63 | M85: 53.4 | N85: 21.4 | O85: North America | P85: 0.88
H86: LP16NA45068 | I86: Laptop | J86: 2016 | K86: =2024 -impact_data[[#This Row],[model_year]] -> 8 | L86: 64 | M86: 112.6 | N86: 45 | O86: North America | P86: 0.87
H87: LP16NA71010 | I87: Laptop | J87: 2016 | K87: =2024 -impact_data[[#This Row],[model_year]] -> 8 | L87: 67 | M87: 65 | N87: 26 | O87: North America | P87: 0.88
... H19720: LP23EU43151 | I19720: Laptop | J19720: 2023 | K19720: =2024 -impact_data[[#This Row],[model_year]] -> 1 | L19720: 43 | M19720: 11.5 | N19720: 2.9 | O19720: Europe | P19720: 0.87

Sheet Data Dictionary
A1: Data Dictionary
A3: Column Name | B3: Description
A4: Device ID | B4: Unique identifier for each repurposed device
A5: Device Type | B5: Type of device, values are either "Laptop" or "Desktop"
A6: Model Year | B6: The year the device was manufactured (e.g., 2018, 2019, etc.).
A7: Power Consumption (W) | B7: Power consumption of the device in watts (W) when in use (e.g., 50W, 75W).
A8: Energy Savings (kWh) | B8: Estimated energy savings per device per year when repurposed compared to a new device, measured in kilowatt-hours (kWh).
A9: CO2 Saved | B9: Estimated CO2 emissions saved per device per year from manufacturing a new device, measured in tons.
A10: Region | B10: The geographical region where the device was repurposed, values are "North America", "Europe", and "Asia”
A11: Device Age (Years) | B11: The age of the device at the time it was repurposed, calculated as the difference between the current year and the model year.
A12: Recycling Rate (%) | B12: The percentage of the device that is recyclable

Sheet Sheet1

Sheet Solutions
A1: Question | B1: Value | C1: Tolerance | D1: student-solution | E1: student-formula
A2: Part 1, 1 | B2: 6 | D2: =IF(ISBLANK(INDEX('Sustainability Impact Analysis'!$C$6,1,1)), "no solution", IF(ISERROR(INDEX('Sustainability Impact Analysis'!$C$6,1,1)), "error in parsing the solution", INDEX('Sustainability Impact Analysis'!$C$6,1,1))) -> 6 | E2: =IFERROR(_xlfn.FORMULATEXT(INDEX('Sustainability Impact Analysis'!$C$6,1,1)),"no formula necessary") -> no formula necessary
A3: Part 1, 2 | B3: 3 | D3: =IF(ISBLANK(INDEX('Sustainability Impact Analysis'!$C$7,1,1)), "no solution", IF(ISERROR(INDEX('Sustainability Impact Analysis'!$C$7,1,1)), "error in parsing the solution", INDEX('Sustainability Impact Analysis'!$C$7,1,1))) -> 3 | E3: =IFERROR(_xlfn.FORMULATEXT(INDEX('Sustainability Impact Analysis'!$C$7,1,1)),"no formula necessary") -> no formula necessary
A4: Part 2, 1 | B4: 19719 | D4: =IF(ISBLANK(INDEX('Sustainability Impact Analysis'!$C$17,1,1)), "no solution", IF(ISERROR(INDEX('Sustainability Impact Analysis'!$C$17,1,1)), "error in parsing the solution", INDEX('Sustainability Impact Analysis'!$C$17,1,1))) -> 19719 | E4: =IFERROR(_xlfn.FORMULATEXT(INDEX('Sustainability Impact Analysis'!$C$17,1,1)),"no formula") -> =COUNT(J2:J19720)
A5: Part 2, 2 | B5: 3.9069933 | C5: 0.01 | D5: =IF(ISBLANK(INDEX('Sustainability Impact Analysis'!$C$19,1,1)), "no solution", IF(ISERROR(INDEX('Sustainability Impact Analysis'!$C$19,1,1)), "error in parsing the solution", INDEX('Sustainability Impact Analysis'!$C$19,1,1))) -> 3.9069933 | E5: =IFERROR(_xlfn.FORMULATEXT(INDEX('Sustainability Impact Analysis'!$C$19,1,1)),"no formula") -> no formula
A6: Part 2, 3 | B6: 28.431376 | C6: 0.01 | D6: =IF(ISBLANK(INDEX('Sustainability Impact Analysis'!$C$21,1,1)), "no solution", IF(ISERROR(INDEX('Sustainability Impact Analysis'!$C$21,1,1)), "error in parsing the solution", INDEX('Sustainability Impact Analysis'!$C$21,1,1))) -> 28.431376 | E6: =IFERROR(_xlfn.FORMULATEXT(INDEX('Sustainability Impact Analysis'!$C$21,1,1)),"no formula") -> =AVERAGE(impact_data[energy_savings_yr])
A7: Part 2, 4 | B7: 276.1817 | C7: 0.01 | D7: =IF(ISBLANK(INDEX('Sustainability Impact Analysis'!$C$23,1,1)), "no solution", IF(ISERROR(INDEX('Sustainability Impact Analysis'!$C$23,1,1)), "error in parsing the solution", INDEX('Sustainability Impact Analysis'!$C$23,1,1))) -> 276.18 | E7: =IFERROR(_xlfn.FORMULATEXT(INDEX('Sustainability Impact Analysis'!$C$23,1,1)),"no formula") -> no formula
A8: Part 3, 1 | B8: 16512 | D8: =IF(ISBLANK(INDEX('Sustainability Impact Analysis'!$C$38,1,1)), "no solution", IF(ISERROR(INDEX('Sustainability Impact Analysis'!$C$38,1,1)), "error in parsing the solution", INDEX('Sustainability Impact Analysis'!$C$38,1,1))) -> 16512 | E8: =IFERROR(_xlfn.FORMULATEXT(INDEX('Sustainability Impact Analysis'!$C$38,1,1)),"no formula") -> =COUNTIF($I$2:$I$19720, I37)
A9: Part 3, 2 | B9: 3207 | D9: =IF(ISBLANK(INDEX('Sustainability Impact Analysis'!$C$39,1,1)), "no solution", IF(ISERROR(INDEX('Sustainability Impact Analysis'!$C$39,1,1)), "error in parsing the solution", INDEX('Sustainability Impact Analysis'!$C$39,1,1))) -> 3207 | E9: =IFERROR(_xlfn.FORMULATEXT(INDEX('Sustainability Impact Analysis'!$C$39,1,1)),"no formula") -> =COUNTIF($I$2:$I$19720, I8)
A10: Part 3, 3 | B10: 28.365855 | C10: 0.01 | D10: =IF(ISBLANK(INDEX('Sustainability Impact Analysis'!$C$40,1,1)), "no solution", IF(ISERROR(INDEX('Sustainability Impact Analysis'!$C$40,1,1)), "error in parsing the solution", INDEX('Sustainability Impact Analysis'!$C$40,1,1))) -> 28.365855 | E10: =IFERROR(_xlfn.FORMULATEXT(INDEX('Sustainability Impact Analysis'!$C$40,1,1)),"no formula") -> =AVERAGEIF(I2:I19720,"Laptop",M2:M19720)
A11: Part 3, 4 | B11: 28.768725 | C11: 0.01 | D11: =IF(ISBLANK(INDEX('Sustainability Impact Analysis'!$C$41,1,1)), "no solution", IF(ISERROR(INDEX('Sustainability Impact Analysis'!$C$41,1,1)), "error in parsing the solution", INDEX('Sustainability Impact Analysis'!$C$41,1,1))) -> 28.768725 | E11: =IFERROR(_xlfn.FORMULATEXT(INDEX('Sustainability Impact Analysis'!$C$41,1,1)),"no formula") -> =AVERAGEIF(I2:I19720,"*desktop*",M2:M19720)
